{"cameraMode":{"drawMode":0,"name":"Shaded","section":"Shading Mode"},"sceneLighting":true,"audioPlay":false,"sceneViewState":{"m_AlwaysRefresh":false,"showFog":true,"showSkybox":true,"showFlares":true,"showImageEffects":true,"showParticleSystems":true,"showVisualEffectGraphs":true,"m_FxEnabled":true},"in2DMode":false,"pivot":{"x":1.8811933994293213,"y":1.735219120979309,"z":-0.23852980136871339},"rotation":{"x":-0.11217492073774338,"y":0.6994118690490723,"z":-0.11258554458618164,"w":-0.6968790888786316},"size":0.0503576323390007,"orthographic":false}